INSERT INTO Class (class_id, name) VALUES (1, 'セイバー');
 INSERT INTO Class (class_id, name) VALUES (2, 'アーチャー');
 INSERT INTO Class (class_id, name) VALUES (3, 'ランサー');
 INSERT INTO Class (class_id, name) VALUES (4, 'ライダー');
 INSERT INTO Class (class_id, name) VALUES (5, 'キャスター');
 INSERT INTO Class (class_id, name) VALUES (6, 'アサシン');
 INSERT INTO Class (class_id, name) VALUES (7, 'バーサーカー');
 INSERT INTO Class (class_id, name) VALUES (8, 'ルーラー');
 INSERT INTO Class (class_id, name) VALUES (9, 'アヴェンジャー');
 INSERT INTO Class (class_id, name) VALUES (10, 'アルターエゴ');
 INSERT INTO Class (class_id, name) VALUES (11, 'ムーンキャンサー');
 INSERT INTO Class (class_id, name) VALUES (12, 'フォーリナー');
 INSERT INTO Class (class_id, name) VALUES (13, 'シールダー');
 INSERT INTO Class (class_id, name) VALUES (14, 'ビースト');

INSERT INTO Materials (material_id, name) VALUES (1, '英雄の証');
 INSERT INTO Materials (material_id, name) VALUES (2, '凶骨');
 INSERT INTO Materials (material_id, name) VALUES (3, '竜の牙');
 INSERT INTO Materials (material_id, name) VALUES (4, '虚影の塵');
 INSERT INTO Materials (material_id, name) VALUES (5, '愚者の鎖');
 INSERT INTO Materials (material_id, name) VALUES (6, '毒針');
 INSERT INTO Materials (material_id, name) VALUES (7, '魔術髄液');
 INSERT INTO Materials (material_id, name) VALUES (8, '鉄杭');
 INSERT INTO Materials (material_id, name) VALUES (9, '励振火薬');
 INSERT INTO Materials (material_id, name) VALUES (10, '赦免の小鐘');
 INSERT INTO Materials (material_id, name) VALUES (11, '忘れじの灰');
 INSERT INTO Materials (material_id, name) VALUES (12, '黄昏の儀式剣');
 INSERT INTO Materials (material_id, name) VALUES (13, '黒曜鋭刃');
 INSERT INTO Materials (material_id, name) VALUES (14, '狂気の残滓');
INSERT INTO Materials (material_id, name) VALUES (15, '世界樹の種');
 INSERT INTO Materials (material_id, name) VALUES (16, 'ゴーストランタン');
 INSERT INTO Materials (material_id, name) VALUES (17, '八連双晶');
 INSERT INTO Materials (material_id, name) VALUES (18, '蛇の宝玉');
 INSERT INTO Materials (material_id, name) VALUES (19, '鳳凰の羽根');
 INSERT INTO Materials (material_id, name) VALUES (20, '無間の歯車');
 INSERT INTO Materials (material_id, name) VALUES (21, '禁断の頁');
 INSERT INTO Materials (material_id, name) VALUES (22, 'ホムンクルスベビー');
 INSERT INTO Materials (material_id, name) VALUES (23, '隕蹄鉄');
 INSERT INTO Materials (material_id, name) VALUES (24, '大騎士勲章');
 INSERT INTO Materials (material_id, name) VALUES (25, '追憶の貝殻');
 INSERT INTO Materials (material_id, name) VALUES (26, '枯淡勾玉');
 INSERT INTO Materials (material_id, name) VALUES (27, '永遠結氷');
 INSERT INTO Materials (material_id, name) VALUES (28, '巨人の指輪');
 INSERT INTO Materials (material_id, name) VALUES (29, 'オーロラ鋼');
 INSERT INTO Materials (material_id, name) VALUES (30, '閑古鈴');
 INSERT INTO Materials (material_id, name) VALUES (31, '禍罪の矢尻');
 INSERT INTO Materials (material_id, name) VALUES (32, '光銀の冠');
 INSERT INTO Materials (material_id, name) VALUES (33, '神脈霊子');
 INSERT INTO Materials (material_id, name) VALUES (34, '虹の糸玉');
 INSERT INTO Materials (material_id, name) VALUES (35, '夢幻の鱗粉');
 INSERT INTO Materials (material_id, name) VALUES (36, '太陽皮');
 INSERT INTO Materials (material_id, name) VALUES (37, 'エーテル収光体');
INSERT INTO Materials (material_id, name) VALUES (38, '混沌の爪');
 INSERT INTO Materials (material_id, name) VALUES (39, '蛮神の心臓');
 INSERT INTO Materials (material_id, name) VALUES (40, '竜の逆鱗');
 INSERT INTO Materials (material_id, name) VALUES (41, '精霊根');
 INSERT INTO Materials (material_id, name) VALUES (42, '戦馬の幼角');
 INSERT INTO Materials (material_id, name) VALUES (43, '血の涙石');
 INSERT INTO Materials (material_id, name) VALUES (44, '黒獣脂');
 INSERT INTO Materials (material_id, name) VALUES (45, '封魔のランプ');
 INSERT INTO Materials (material_id, name) VALUES (46, '智慧のスカラベ');
 INSERT INTO Materials (material_id, name) VALUES (47, '原初の産声');
 INSERT INTO Materials (material_id, name) VALUES (48, '呪獣胆石');
 INSERT INTO Materials (material_id, name) VALUES (49, '奇奇神酒');
 INSERT INTO Materials (material_id, name) VALUES (50, '暁光炉心');
 INSERT INTO Materials (material_id, name) VALUES (51, '九十九鏡');
 INSERT INTO Materials (material_id, name) VALUES (52, '真理の卵');
 INSERT INTO Materials (material_id, name) VALUES (53, '煌星のカケラ');
 INSERT INTO Materials (material_id, name) VALUES (54, '悠久の実');
 INSERT INTO Materials (material_id, name) VALUES (55, '鬼炎鬼灯');
INSERT INTO Materials (material_id, name) VALUES (56, 'セイバーピース');
 INSERT INTO Materials (material_id, name) VALUES (57, 'アーチャーピース');
 INSERT INTO Materials (material_id, name) VALUES (58, 'ランサーピース');
 INSERT INTO Materials (material_id, name) VALUES (59, 'ライダーピース');
 INSERT INTO Materials (material_id, name) VALUES (60, 'キャスターピース');
 INSERT INTO Materials (material_id, name) VALUES (61, 'アサシンピース');
 INSERT INTO Materials (material_id, name) VALUES (62, 'バーサーカーピース');
INSERT INTO Materials (material_id, name) VALUES (63, 'セイバーモニュメント');
 INSERT INTO Materials (material_id, name) VALUES (64, 'アーチャーモニュメント');
 INSERT INTO Materials (material_id, name) VALUES (65, 'ランサーモニュメント');
 INSERT INTO Materials (material_id, name) VALUES (66, 'ライダーモニュメント');
 INSERT INTO Materials (material_id, name) VALUES (67, 'キャスターモニュメント');
 INSERT INTO Materials (material_id, name) VALUES (68, 'アサシンモニュメント');
 INSERT INTO Materials (material_id, name) VALUES (69, 'バーサーカーモニュメント');
INSERT INTO Materials (material_id, name) VALUES (70, '剣の輝石');
 INSERT INTO Materials (material_id, name) VALUES (71, '弓の輝石');
 INSERT INTO Materials (material_id, name) VALUES (72, '槍の輝石');
 INSERT INTO Materials (material_id, name) VALUES (73, '騎の輝石');
 INSERT INTO Materials (material_id, name) VALUES (74, '術の輝石');
 INSERT INTO Materials (material_id, name) VALUES (75, '殺の輝石');
 INSERT INTO Materials (material_id, name) VALUES (76, '暴の輝石');
INSERT INTO Materials (material_id, name) VALUES (77, '剣の魔石');
 INSERT INTO Materials (material_id, name) VALUES (78, '弓の魔石');
 INSERT INTO Materials (material_id, name) VALUES (79, '槍の魔石');
 INSERT INTO Materials (material_id, name) VALUES (80, '騎の魔石');
 INSERT INTO Materials (material_id, name) VALUES (81, '術の魔石');
 INSERT INTO Materials (material_id, name) VALUES (82, '殺の魔石');
 INSERT INTO Materials (material_id, name) VALUES (83, '暴の魔石');
INSERT INTO Materials (material_id, name) VALUES (84, '剣の秘石');
 INSERT INTO Materials (material_id, name) VALUES (85, '弓の秘石');
 INSERT INTO Materials (material_id, name) VALUES (86, '槍の秘石');
 INSERT INTO Materials (material_id, name) VALUES (87, '騎の秘石');
 INSERT INTO Materials (material_id, name) VALUES (88, '術の秘石');
 INSERT INTO Materials (material_id, name) VALUES (89, '殺の秘石');
 INSERT INTO Materials (material_id, name) VALUES (90, '暴の秘石');
INSERT INTO Materials (material_id, name) VALUES (0, 'その他');
INSERT INTO Materials (material_id, name) VALUES (91, '伝承結晶');

INSERT INTO Servants (servant_id, name, rare, class_id, stage) VALUES (1, 'マシュ・キリエライト', 3, 13, 4);
 INSERT INTO AscesionRequirements (servant_id, material_id, quantity, ascension_stage) VALUES (1, 0, 0, 1);
 INSERT INTO AscesionRequirements (servant_id, material_id, quantity, ascension_stage) VALUES (1, 0, 0, 2);
 INSERT INTO AscesionRequirements (servant_id, material_id, quantity, ascension_stage) VALUES (1, 0, 0, 3);
 INSERT INTO SkillEnhancementRequirements (servant_id, enhancement_stage, material_id, quantity) VALUES (1, 1, 1, 5);
 INSERT INTO SkillEnhancementRequirements (servant_id, enhancement_stage, material_id, quantity) VALUES (1, 1, 3, 5);
 INSERT INTO SkillEnhancementRequirements (servant_id, enhancement_stage, material_id, quantity) VALUES (1, 1, 15, 5);
 INSERT INTO SkillEnhancementRequirements (servant_id, enhancement_stage, material_id, quantity) VALUES (1, 1, 17, 5);
 INSERT INTO SkillEnhancementRequirements (servant_id, enhancement_stage, material_id, quantity) VALUES (1, 1, 4, 5);
 INSERT INTO SkillEnhancementRequirements (servant_id, enhancement_stage, material_id, quantity) VALUES (1, 1, 20, 5);
 INSERT INTO SkillEnhancementRequirements (servant_id, enhancement_stage, material_id, quantity) VALUES (1, 1, 19, 5);
 INSERT INTO SkillEnhancementRequirements (servant_id, enhancement_stage, material_id, quantity) VALUES (1, 1, 40, 5);
 INSERT INTO SkillEnhancementRequirements (servant_id, enhancement_stage, material_id, quantity) VALUES (1, 1, 91, 1);
 INSERT INTO SkillEnhancementRequirements (servant_id, enhancement_stage, material_id, quantity) VALUES (1, 1, 1, 5);
 INSERT INTO SkillEnhancementRequirements (servant_id, enhancement_stage, material_id, quantity) VALUES (1, 1, 3, 5);
 INSERT INTO SkillEnhancementRequirements (servant_id, enhancement_stage, material_id, quantity) VALUES (1, 1, 15, 5);
 INSERT INTO SkillEnhancementRequirements (servant_id, enhancement_stage, material_id, quantity) VALUES (1, 1, 17, 5);
 INSERT INTO SkillEnhancementRequirements (servant_id, enhancement_stage, material_id, quantity) VALUES (1, 1, 24, 5);
 INSERT INTO SkillEnhancementRequirements (servant_id, enhancement_stage, material_id, quantity) VALUES (1, 1, 47, 5);
 INSERT INTO SkillEnhancementRequirements (servant_id, enhancement_stage, material_id, quantity) VALUES (1, 1, 41, 5);
 INSERT INTO SkillEnhancementRequirements (servant_id, enhancement_stage, material_id, quantity) VALUES (1, 1, 46, 5);
 INSERT INTO SkillEnhancementRequirements (servant_id, enhancement_stage, material_id, quantity) VALUES (1, 1, 91, 1);
